name,variant_signature,ligand_smiles,ligand_name
59a_0222,59A;81L;83A;92G;94V;108Q;110V;117V;120E;122W;141Q;159Y;160M;163F;164F;167A,C[C@H](CCC(=O)O)[C@H]1CC[C@@H]2[C@@]1(CC[C@H]3[C@H]2[C@@H](C[C@H]4[C@@]3(CC[C@H](C4)O)C)O)C,CDCA
59a_0236,59A;81L;92G;94V;108A;110V;141Q;159Y;160V;163F;164I;167I,C[C@H](CCC(=O)O)[C@H]1CC[C@@H]2[C@@]1(CC[C@H]3[C@H]2[C@@H](C[C@H]4[C@@]3(CC[C@H](C4)O)C)O)C,CDCA
59a_0337,59A;81L;83A;92G;94V;108Q;120F;122W;141Q;160V;163F;164F;167A,C[C@H](CCC(=O)O)[C@H]1CC[C@@H]2[C@@]1(CC[C@H]3[C@H]2[C@@H](C[C@H]4[C@@]3(CC[C@H](C4)O)C)O)C,CDCA
59a_0350,59A;81L;83A;92G;94V;108A;110V;120F;122W;141Q;159Y;160V;163F;164F;167A,C[C@H](CCC(=O)O)[C@H]1CC[C@@H]2[C@@]1(CC[C@H]3[C@H]2[C@@H](C[C@H]4[C@@]3(CC[C@H](C4)O)C)O)C,CDCA
59a_0487,59A;81L;92A;108S;110V;120E;122Y;141R;159Y;160V;163F;164M;167G,C[C@H](CCC(=O)O)[C@H]1CC[C@@H]2[C@@]1(CC[C@H]3[C@H]2[C@@H](C[C@H]4[C@@]3(CC[C@H](C4)O)C)O)C,CDCA
59l_0115,59L;81L;83A;92G;94V;108Q;110V;120F;122W;141R;159Y;160V;163F;164F;167A,C[C@H](CCC(=O)O)[C@H]1CC[C@@H]2[C@@]1(CC[C@H]3[C@H]2[C@@H](C[C@H]4[C@@]3(CC[C@H](C4)O)C)O)C,CDCA
59l_0228,59L;81L;92G;94V;108A;110V;120F;122W;141Q;159Y;160V;163F;164F;167A,C[C@H](CCC(=O)O)[C@H]1CC[C@@H]2[C@@]1(CC[C@H]3[C@H]2[C@@H](C[C@H]4[C@@]3(CC[C@H](C4)O)C)O)C,CDCA
59l_0464,59L;81L;83A;92G;94V;108G;110V;120E;122W;141Q;159Y;160M;163F;164F;167A,C[C@H](CCC(=O)O)[C@H]1CC[C@@H]2[C@@]1(CC[C@H]3[C@H]2[C@@H](C[C@H]4[C@@]3(CC[C@H](C4)O)C)O)C,CDCA
59v_0019,59V;81L;92G;94V;108V;110V;141Q;159Y;160V;163F;167A,C[C@H](CCC(=O)O)[C@H]1CC[C@@H]2[C@@]1(CC[C@H]3[C@H]2[C@@H](C[C@H]4[C@@]3(CC[C@H](C4)O)C)O)C,CDCA
59v_0021,59V;81L;83A;92G;94V;108Q;110V;120E;122W;141R;159Y;160V;163F;164F;167A,C[C@H](CCC(=O)O)[C@H]1CC[C@@H]2[C@@]1(CC[C@H]3[C@H]2[C@@H](C[C@H]4[C@@]3(CC[C@H](C4)O)C)O)C,CDCA
59v_0100,59V;81L;83A;92G;94V;108A;110V;122W;141Q;159Y;160M;163I;164F;167A,C[C@H](CCC(=O)O)[C@H]1CC[C@@H]2[C@@]1(CC[C@H]3[C@H]2[C@@H](C[C@H]4[C@@]3(CC[C@H](C4)O)C)O)C,CDCA
59v_0105,59V;81L;83A;92G;94V;108L;110V;120F;122M;141Q;160V;163F;164M;167A,C[C@H](CCC(=O)O)[C@H]1CC[C@@H]2[C@@]1(CC[C@H]3[C@H]2[C@@H](C[C@H]4[C@@]3(CC[C@H](C4)O)C)O)C,CDCA
59v_0170,59V;81L;92G;108S;110V;120E;122Y;141R;159Y;160V;163I;164M;167A,C[C@H](CCC(=O)O)[C@H]1CC[C@@H]2[C@@]1(CC[C@H]3[C@H]2[C@@H](C[C@H]4[C@@]3(CC[C@H](C4)O)C)O)C,CDCA
59v_0219,59V;81L;83A;92G;94V;108A;110V;120F;122W;141Q;160V;163F;164F;167A,C[C@H](CCC(=O)O)[C@H]1CC[C@@H]2[C@@]1(CC[C@H]3[C@H]2[C@@H](C[C@H]4[C@@]3(CC[C@H](C4)O)C)O)C,CDCA
59v_0220,59V;81L;83A;92G;94V;108Q;110V;120F;122W;141Q;160V;163F;164F;167A,C[C@H](CCC(=O)O)[C@H]1CC[C@@H]2[C@@]1(CC[C@H]3[C@H]2[C@@H](C[C@H]4[C@@]3(CC[C@H](C4)O)C)O)C,CDCA
59v_0293,59V;81L;83A;92G;94V;108A;110V;120E;122W;141Q;159Y;160M;163I;164F;167G,C[C@H](CCC(=O)O)[C@H]1CC[C@@H]2[C@@]1(CC[C@H]3[C@H]2[C@@H](C[C@H]4[C@@]3(CC[C@H](C4)O)C)O)C,CDCA
59v_0392,59V;81L;92G;94Q;108A;110V;120E;122W;141R;159Y;160M;163L;164F;167G,C[C@H](CCC(=O)O)[C@H]1CC[C@@H]2[C@@]1(CC[C@H]3[C@H]2[C@@H](C[C@H]4[C@@]3(CC[C@H](C4)O)C)O)C,CDCA
59v_0464,59V;81L;83A;92G;94V;108G;110V;120E;122W;141Q;159Y;160M;163F;164F;167A,C[C@H](CCC(=O)O)[C@H]1CC[C@@H]2[C@@]1(CC[C@H]3[C@H]2[C@@H](C[C@H]4[C@@]3(CC[C@H](C4)O)C)O)C,CDCA
wt_mandi_0117,59R;81L;83A;92G;94V;108Q;110V;120E;122W;141R;159Y;160M;163F;164F;167A,C[C@H](CCC(=O)O)[C@H]1CC[C@@H]2[C@@]1(CC[C@H]3[C@H]2[C@@H](C[C@H]4[C@@]3(CC[C@H](C4)O)C)O)C,CDCA
wt_mandi_0158,59R;81L;92G;94V;108A;110V;120F;122W;141T;159Y;160V;163F;167T,C[C@H](CCC(=O)O)[C@H]1CC[C@@H]2[C@@]1(CC[C@H]3[C@H]2[C@@H](C[C@H]4[C@@]3(CC[C@H](C4)O)C)O)C,CDCA
wt_mandi_0161,59R;81L;92G;94V;108A;110V;120F;122W;141T;159Y;160V;163F;167T,C[C@H](CCC(=O)O)[C@H]1CC[C@@H]2[C@@]1(CC[C@H]3[C@H]2[C@@H](C[C@H]4[C@@]3(CC[C@H](C4)O)C)O)C,CDCA
wt_mandi_0228,59R;81L;92G;94V;108A;110V;120F;122W;141Q;159Y;160V;163F;164F;167A,C[C@H](CCC(=O)O)[C@H]1CC[C@@H]2[C@@]1(CC[C@H]3[C@H]2[C@@H](C[C@H]4[C@@]3(CC[C@H](C4)O)C)O)C,CDCA
wt_mandi_0231,59R;81L;92G;94V;108A;110V;120E;122W;141L;159Y;160M;163F;164F;167A,C[C@H](CCC(=O)O)[C@H]1CC[C@@H]2[C@@]1(CC[C@H]3[C@H]2[C@@H](C[C@H]4[C@@]3(CC[C@H](C4)O)C)O)C,CDCA
wt_mandi_0270,59R;81L;92G;94V;108G;120F;122W;141Q;160V;163F;164I;167L,C[C@H](CCC(=O)O)[C@H]1CC[C@@H]2[C@@]1(CC[C@H]3[C@H]2[C@@H](C[C@H]4[C@@]3(CC[C@H](C4)O)C)O)C,CDCA
