ligand_name,ligand_smiles_or_ligand_ID,PYR1_variant_name,PYR1_variant_signature
4F-MDMB-BUTINACA,O=C(N[C@H](C(OC)=O)C(C)(C)C)C1=NN(CCCCF)C2=C1C=CC=C2,PYR1^4F,83K;115Q;120G;159V;160G
JWH-167,C1=CC=C2C(=C1)C(=CN2CCCCCC)C(=O)C3=CC=CC=C3,JWH-167,83F;115Q;120G;159L;160G
JWH-016,C1=CC=C(C=C1)C(=O)C2=C(N(C3=CC=CC=C32)CCCCCCN)C,JWH-016,120G;159L;160G
JWH-072,C1=CC=C(C=C1)C(=O)C2=C(N(C3=CC=CC=C32)CCCCCC)C,JWH-072,59N;120H;159L;160G
JWH-015,C1=CC=C(C=C1)C(=O)C2=C(N(C3=CC=CC=C32)CCCCCN)C,JWH-015,59N;120H;159L;160G
diazinon,CCOP(=S)(OCC)OC1=CC(=NC(=C1)C(C)C)C(C)C,PYR1^DIAZI,81Y;87M;108Y;159G;160V
pirimiphos-methyl,CCC1=NC(=NC(=C1OC)C)OP(=S)(OC)OC,PYR1^PIRI,59R;92M;122Q;159T;160T
azinphos-ethyl,CCOP(=S)(OCC)SCN1N=NC2=CC=CC=C2C1=O,PYR1*^AZIN,83W;110Y;164Y
nitazene,CCN(CC)CCN1C2=C(C=C(C=C2)[N+](=O)[O-])N=C1CC3=CC=CC=C3,PYR1^nita,59Q;92M;108V;120A;122G;159A;160V
menitazene,CCN(CC)CCN1C2=C(C=C(C=C2)[N+](=O)[O-])N=C1CC3=CC=C(C=C3)OC,PYR1^nita,59Q;92M;108V;120A;122G;159A;160V
nitazene,CCN(CC)CCN1C2=C(C=C(C=C2)[N+](=O)[O-])N=C1CC3=CC=CC=C3,PYR1^nita,59Q;92M;108V;120A;122G;159A;160V
nitazene,CCN(CC)CCN1C2=C(C=C(C=C2)[N+](=O)[O-])N=C1CC3=CC=CC=C3,PYR1^nita,59Q;92M;108V;120A;122G;159A;160V
menitazene,CCN(CC)CCN1C2=C(C=C(C=C2)[N+](=O)[O-])N=C1CC3=CC=C(C=C3)OC,PYR1^nita,59Q;92M;108V;120A;122G;159A;160V
nitazene,CCN(CC)CCN1C2=C(C=C(C=C2)[N+](=O)[O-])N=C1CC3=CC=CC=C3,PYR1^nita,59Q;92M;108V;120A;122G;159A;160V
nitazene,CCN(CC)CCN1C2=C(C=C(C=C2)[N+](=O)[O-])N=C1CC3=CC=CC=C3,PYR1^nitav2,59Q;81I;83L;92M;108V;120A;122G;141D;159H;160V
menitazene,CCN(CC)CCN1C2=C(C=C(C=C2)[N+](=O)[O-])N=C1CC3=CC=C(C=C3)OC,PYR1^nitav2,59Q;81I;83L;92M;108V;120A;122G;141D;159H;160V
4-hydroxy nitazene,CCN(CC)CCN1C2=C(C=C(C=C2)[N+](=O)[O-])N=C1CC3=CC=C(C=C3)O,PYR1^nitav2,59Q;81I;83L;92M;108V;120A;122G;141D;159H;160V
4-hydroxy nitazene,CCN(CC)CCN1C2=C(C=C(C=C2)[N+](=O)[O-])N=C1CC3=CC=C(C=C3)O,PYR1^nitav2.1,59Q;81I;92F;108V;120G;122E;141D;159H;160V
nitazene,CCN(CC)CCN1C2=C(C=C(C=C2)[N+](=O)[O-])N=C1CC3=CC=CC=C3,PYR1^nitav2.1,59Q;81I;92F;108V;120G;122E;141D;159H;160V
Imperatorin,CC(C)=CCC1=C2C=CC(=O)OC2=CC3=C1OC(=O)C=C3,3I-1,S122N_A160G_V163W_N167D
Imperatorin,CC(C)=CCC1=C2C=CC(=O)OC2=CC3=C1OC(=O)C=C4,3I-2,F108W_S122N_V163W_N167D
Imperatorin,CC(C)=CCC1=C2C=CC(=O)OC2=CC3=C1OC(=O)C=C5,3I-6,K59Q_F108W_Y120A_S122E_A160M_V163W_V164F
Imperatorin,CC(C)=CCC1=C2C=CC(=O)OC2=CC3=C1OC(=O)C=C6,3I-8,S122N_V163W_N167D
Imperatorin,CC(C)=CCC1=C2C=CC(=O)OC2=CC3=C1OC(=O)C=C7,3I-9,F108W_S122N_A160I_V163W_N167D
Imperatorin,CC(C)=CCC1=C2C=CC(=O)OC2=CC3=C1OC(=O)C=C8,3I-10,K59Q_V81I_Y120A_S122N_A160M_V163W_V164S
Imperatorin,CC(C)=CCC1=C2C=CC(=O)OC2=CC3=C1OC(=O)C=C9,3I-12,K59Q_V81I_Y120A_S122E_A160M_V163W_V164F
Citropten,COC1=C2C=CC(=O)OC2=CC3=C1OC=C3,9M-5,V81Y_V83L_S122G_F159H_A160I_V163W
Methoxsalen,COC1=C2C=CC(=O)OC2=CC3=C1OCC=C3,12A-1,K59Q_V81I_F108W_Y120A_S122E_A160M_V163W_V164F
Methoxsalen,COC1=C2C=CC(=O)OC2=CC3=C1OCC=C4,12A-2,K59Q_V81I_Y120A_S122E_A160M_V163W_V164F
Methoxsalen,COC1=C2C=CC(=O)OC2=CC3=C1OCC=C5,12A-3,K59A_V81I_Y120M_S122E_A160M_V163W_V164F
Methoxsalen,COC1=C2C=CC(=O)OC2=CC3=C1OCC=C6,12A-4,Y120A_S122N_ A160M_V163W_N167D
Methoxsalen,COC1=C2C=CC(=O)OC2=CC3=C1OCC=C7,12A-5,F108W_S122N_V163W_N167D
Methoxsalen,COC1=C2C=CC(=O)OC2=CC3=C1OCC=C8,12A-8,S122N_V163W_N167D
Methoxsalen,COC1=C2C=CC(=O)OC2=CC3=C1OCC=C9,12A-10,K59Q_V81I_F108W_Y120M_S122E_V163W_V164F
Methoxsalen,COC1=C2C=CC(=O)OC2=CC3=C1OCC=C10,12A-12,K59Q_V81I_Y120M_S122E_A160I_V163W_V164F
Osthole,COC1=C2C=CC(=O)OC2=CC3=C1C=CC(=O)O3,14N-4,K59Q_V81I_F108W_Y120M_A160M_V163W_V164S
Osthole,COC1=C2C=CC(=O)OC2=CC3=C1C=CC(=O)O4,14N-5,K59Q_Y120A_S122N_A160M_V163W_V164F
Osthole,COC1=C2C=CC(=O)OC2=CC3=C1C=CC(=O)O5,14N-6,K59Q_V81I_Y120A_S122E_A160M_V163W_V164F
Osthole,COC1=C2C=CC(=O)OC2=CC3=C1C=CC(=O)O6,14N-8,K59Q_V81I_S122N_A160G_V163W_V164S
Osthole,COC1=C2C=CC(=O)OC2=CC3=C1C=CC(=O)O7,14N-10,V81I_V83L_Y120M_S122E_A160G_V163W_N167D
Osthole,COC1=C2C=CC(=O)OC2=CC3=C1C=CC(=O)O8,14N-11,F108W_S122N_A160G_V163W_N167D
Osthole,COC1=C2C=CC(=O)OC2=CC3=C1C=CC(=O)O9,14N-12,V81I_V83L_Y120M_A160G_V163W_N167D
Perfluorooctanesulfonamide,C(C(C(C(C(F)(F)S(=O)(=O)N)(F)F)(F)F)(F)F)(C(C(C(F)(F)F)(F)F)(F)F)(F)F,G_43.10.3*,59M;94G;120L;141Q;160V;164W
Perfluorooctanesulfonamide,C(C(C(C(C(F)(F)S(=O)(=O)N)(F)F)(F)F)(F)F)(C(C(C(F)(F)F)(F)F)(F)F)(F)F,G_43.10.7,59M;94G;120L;134L;141G;159L;164W
abscisic Acid,CC1=CC(=O)CC(C1/C=C/C(=C/C(=O)O)/C)(C)C,wt,
Lithocholic Acid,C[C@H](CCC(=O)O)[C@H]1CC[C@@H]2[C@@]1(CC[C@H]3[C@H]2CC[C@H]4[C@@]3(CC[C@H](C4)O)C)C,59v_0379,V59-L81-A83-A92-E94-A108-V110-L117-L120-W122-R141-H159-V160-L163-F164-G167
Lithocholic Acid,C[C@H](CCC(=O)O)[C@H]1CC[C@@H]2[C@@]1(CC[C@H]3[C@H]2CC[C@H]4[C@@]3(CC[C@H](C4)O)C)C,59v_0497,V59-L81-A83-A92-E94-H108-V110-L117-Y120-S122-S141-H159-V160-L163-T164-A167
Lithocholic Acid,C[C@H](CCC(=O)O)[C@H]1CC[C@@H]2[C@@]1(CC[C@H]3[C@H]2CC[C@H]4[C@@]3(CC[C@H](C4)O)C)C,seq1,V59-D81-L83-M92-V94-A108-V110-V117-L120-T122-Q141-Y159-V160-F163-V164-A167
Lithocholic Acid,C[C@H](CCC(=O)O)[C@H]1CC[C@@H]2[C@@]1(CC[C@H]3[C@H]2CC[C@H]4[C@@]3(CC[C@H](C4)O)C)C,seq10,V59-D81-L83-M92-V94-A108-V110-V117-L120-T122-K141-I159-V160-G163-V164-L167
Lithocholic Acid,C[C@H](CCC(=O)O)[C@H]1CC[C@@H]2[C@@]1(CC[C@H]3[C@H]2CC[C@H]4[C@@]3(CC[C@H](C4)O)C)C,seq11,A59-D81-L83-M92-V94-A108-V110-V117-L120-T122-K141-I159-M160-G163-I164-I167
Lithocholic Acid,C[C@H](CCC(=O)O)[C@H]1CC[C@@H]2[C@@]1(CC[C@H]3[C@H]2CC[C@H]4[C@@]3(CC[C@H](C4)O)C)C,seq12,A59-D81-L83-M92-V94-A108-V110-V117-L120-T122-Q141-Y159-V160-F163-V164-A167
Lithocholic Acid,C[C@H](CCC(=O)O)[C@H]1CC[C@@H]2[C@@]1(CC[C@H]3[C@H]2CC[C@H]4[C@@]3(CC[C@H](C4)O)C)C,seq13,L59-D81-L83-M92-V94-A108-V110-V117-L120-T122-K141-I159-V160-G163-V164-L167
Lithocholic Acid,C[C@H](CCC(=O)O)[C@H]1CC[C@@H]2[C@@]1(CC[C@H]3[C@H]2CC[C@H]4[C@@]3(CC[C@H](C4)O)C)C,seq14_designed,V59-D81-L83-M92-L94-A108-V110-V117-L120-T122-K141-I159-M160-G163-I164-I167
Lithocholic Acid,C[C@H](CCC(=O)O)[C@H]1CC[C@@H]2[C@@]1(CC[C@H]3[C@H]2CC[C@H]4[C@@]3(CC[C@H](C4)O)C)C,seq15,V59-D81-L83-M92-V94-A108-V110-V117-L120-T122-K141-I159-L160-G163-Y164-I167
Lithocholic Acid,C[C@H](CCC(=O)O)[C@H]1CC[C@@H]2[C@@]1(CC[C@H]3[C@H]2CC[C@H]4[C@@]3(CC[C@H](C4)O)C)C,seq16_designed,V59-D81-L83-M92-V94-A108-V110-V117-L120-T122-K141-I159-L160-G163-V164-I167
Lithocholic Acid,C[C@H](CCC(=O)O)[C@H]1CC[C@@H]2[C@@]1(CC[C@H]3[C@H]2CC[C@H]4[C@@]3(CC[C@H](C4)O)C)C,seq17,A59-D81-L83-M92-V94-V108-I110-L117-Y120-S122-K141-I159-L160-G163-V164-I167
Lithocholic Acid,C[C@H](CCC(=O)O)[C@H]1CC[C@@H]2[C@@]1(CC[C@H]3[C@H]2CC[C@H]4[C@@]3(CC[C@H](C4)O)C)C,seq18,A59-D81-L83-M92-V94-A108-V110-L117-Y120-S122-K141-I159-V160-G163-V164-L167
Lithocholic Acid,C[C@H](CCC(=O)O)[C@H]1CC[C@@H]2[C@@]1(CC[C@H]3[C@H]2CC[C@H]4[C@@]3(CC[C@H](C4)O)C)C,seq19,V59-D81-L83-M92-L94-A108-V110-V117-L120-T122-K141-I159-L160-G163-V164-I167
Lithocholic Acid,C[C@H](CCC(=O)O)[C@H]1CC[C@@H]2[C@@]1(CC[C@H]3[C@H]2CC[C@H]4[C@@]3(CC[C@H](C4)O)C)C,seq2,A59-D81-L83-M92-V94-A108-V110-V117-L120-T122-K141-I159-L160-G163-Y164-I167
Lithocholic Acid,C[C@H](CCC(=O)O)[C@H]1CC[C@@H]2[C@@]1(CC[C@H]3[C@H]2CC[C@H]4[C@@]3(CC[C@H](C4)O)C)C,seq20,L59-D81-L83-M92-V94-V108-I110-L117-Y120-S122-K141-I159-L160-G163-V164-I167
Lithocholic Acid,C[C@H](CCC(=O)O)[C@H]1CC[C@@H]2[C@@]1(CC[C@H]3[C@H]2CC[C@H]4[C@@]3(CC[C@H](C4)O)C)C,seq21,A59-D81-L83-M92-V94-V108-I110-L117-Y120-S122-K141-H159-V160-L163-T164-A167
Lithocholic Acid,C[C@H](CCC(=O)O)[C@H]1CC[C@@H]2[C@@]1(CC[C@H]3[C@H]2CC[C@H]4[C@@]3(CC[C@H](C4)O)C)C,seq22_designed,A59-D81-L83-M92-L94-A108-V110-V117-L120-T122-K141-I159-M160-G163-I164-I167
Lithocholic Acid,C[C@H](CCC(=O)O)[C@H]1CC[C@@H]2[C@@]1(CC[C@H]3[C@H]2CC[C@H]4[C@@]3(CC[C@H](C4)O)C)C,seq23,V59-D81-L83-M92-V94-H108-I110-L117-Y120-S122-K141-I159-L160-G163-V164-I167
Lithocholic Acid,C[C@H](CCC(=O)O)[C@H]1CC[C@@H]2[C@@]1(CC[C@H]3[C@H]2CC[C@H]4[C@@]3(CC[C@H](C4)O)C)C,seq24,V59-D81-L83-M92-L94-A108-V110-V117-L120-T122-K141-I159-V160-G163-V164-L167
Lithocholic Acid,C[C@H](CCC(=O)O)[C@H]1CC[C@@H]2[C@@]1(CC[C@H]3[C@H]2CC[C@H]4[C@@]3(CC[C@H](C4)O)C)C,seq25,V59-D81-L83-M92-V94-A108-V110-V117-L120-T122-K141-H159-M160-I163-F164-A167
Lithocholic Acid,C[C@H](CCC(=O)O)[C@H]1CC[C@@H]2[C@@]1(CC[C@H]3[C@H]2CC[C@H]4[C@@]3(CC[C@H](C4)O)C)C,seq26,V59-D81-L83-M92-V94-V108-I110-L117-Y120-S122-K141-I159-M160-G163-I164-I167
Lithocholic Acid,C[C@H](CCC(=O)O)[C@H]1CC[C@@H]2[C@@]1(CC[C@H]3[C@H]2CC[C@H]4[C@@]3(CC[C@H](C4)O)C)C,seq27,V59-D81-L83-M92-V94-A108-V110-V117-L120-T122-K141-F159-V160-F163-V164-A167
Lithocholic Acid,C[C@H](CCC(=O)O)[C@H]1CC[C@@H]2[C@@]1(CC[C@H]3[C@H]2CC[C@H]4[C@@]3(CC[C@H](C4)O)C)C,seq28,A59-D81-L83-M92-V94-V108-I110-L117-Y120-S122-Q141-Y159-V160-F163-I164-V167
Lithocholic Acid,C[C@H](CCC(=O)O)[C@H]1CC[C@@H]2[C@@]1(CC[C@H]3[C@H]2CC[C@H]4[C@@]3(CC[C@H](C4)O)C)C,seq29,A59-D81-L83-M92-V94-A108-V110-V117-L120-T122-K141-H159-V160-L163-F164-G167
Lithocholic Acid,C[C@H](CCC(=O)O)[C@H]1CC[C@@H]2[C@@]1(CC[C@H]3[C@H]2CC[C@H]4[C@@]3(CC[C@H](C4)O)C)C,seq3,V59-D81-L83-M92-L94-V108-I110-L117-Y120-S122-K141-I159-V160-G163-V164-L167
Lithocholic Acid,C[C@H](CCC(=O)O)[C@H]1CC[C@@H]2[C@@]1(CC[C@H]3[C@H]2CC[C@H]4[C@@]3(CC[C@H](C4)O)C)C,seq30,A59-D81-L83-M92-V94-A108-V110-V117-L120-W122-R141-H159-M160-I163-F164-A167
Lithocholic Acid,C[C@H](CCC(=O)O)[C@H]1CC[C@@H]2[C@@]1(CC[C@H]3[C@H]2CC[C@H]4[C@@]3(CC[C@H](C4)O)C)C,seq31_designed,A59-D81-L83-M92-V94-A108-V110-V117-L120-T122-K141-I159-L160-G163-V164-I167
Lithocholic Acid,C[C@H](CCC(=O)O)[C@H]1CC[C@@H]2[C@@]1(CC[C@H]3[C@H]2CC[C@H]4[C@@]3(CC[C@H](C4)O)C)C,seq33,A59-D81-L83-M92-V94-A108-V110-V117-L120-T122-K141-I159-V160-G163-V164-L167
Lithocholic Acid,C[C@H](CCC(=O)O)[C@H]1CC[C@@H]2[C@@]1(CC[C@H]3[C@H]2CC[C@H]4[C@@]3(CC[C@H](C4)O)C)C,seq34,V59-D81-L83-M92-V94-H108-I110-L117-Y120-S122-K141-I159-V160-G163-V164-L167
Lithocholic Acid,C[C@H](CCC(=O)O)[C@H]1CC[C@@H]2[C@@]1(CC[C@H]3[C@H]2CC[C@H]4[C@@]3(CC[C@H](C4)O)C)C,seq35,V59-D81-L83-M92-V94-V108-I110-V117-L120-T122-K141-I159-L160-G163-V164-I167
Lithocholic Acid,C[C@H](CCC(=O)O)[C@H]1CC[C@@H]2[C@@]1(CC[C@H]3[C@H]2CC[C@H]4[C@@]3(CC[C@H](C4)O)C)C,seq36,V59-L81-A83-A92-V94-G108-I110-L117-F120-W122-Q141-H159-V160-L163-I164-A167
Lithocholic Acid,C[C@H](CCC(=O)O)[C@H]1CC[C@@H]2[C@@]1(CC[C@H]3[C@H]2CC[C@H]4[C@@]3(CC[C@H](C4)O)C)C,seq37,V59-L81-A83-A92-V94-A108-L110-L117-F120-W122-R141-H159-V160-I163-Y164-A167
Lithocholic Acid,C[C@H](CCC(=O)O)[C@H]1CC[C@@H]2[C@@]1(CC[C@H]3[C@H]2CC[C@H]4[C@@]3(CC[C@H](C4)O)C)C,seq38,V59-D81-L83-M92-V94-A108-V110-V117-L120-T122-K141-I159-M160-G163-I164-I167
Lithocholic Acid,C[C@H](CCC(=O)O)[C@H]1CC[C@@H]2[C@@]1(CC[C@H]3[C@H]2CC[C@H]4[C@@]3(CC[C@H](C4)O)C)C,seq39,V59-D81-L83-M92-V94-A108-V110-L117-Y120-S122-K141-I159-V160-G163-V164-L167
Lithocholic Acid,C[C@H](CCC(=O)O)[C@H]1CC[C@@H]2[C@@]1(CC[C@H]3[C@H]2CC[C@H]4[C@@]3(CC[C@H](C4)O)C)C,seq4,V59-L81-A83-A92-E94-A108-V110-V117-L120-T122-K141-I159-L160-G163-V164-I167
Lithocholic Acid,C[C@H](CCC(=O)O)[C@H]1CC[C@@H]2[C@@]1(CC[C@H]3[C@H]2CC[C@H]4[C@@]3(CC[C@H](C4)O)C)C,seq40,A59-L81-V83-A92-V94-G108-V110-L117-F120-W122-M141-Y159-V160-F163-V164-V167
Lithocholic Acid,C[C@H](CCC(=O)O)[C@H]1CC[C@@H]2[C@@]1(CC[C@H]3[C@H]2CC[C@H]4[C@@]3(CC[C@H](C4)O)C)C,seq41,V59-I81-A83-A92-Q94-W108-V110-L117-Y120-S122-S141-H159-V160-L163-T164-A167
Lithocholic Acid,C[C@H](CCC(=O)O)[C@H]1CC[C@@H]2[C@@]1(CC[C@H]3[C@H]2CC[C@H]4[C@@]3(CC[C@H](C4)O)C)C,seq42,L59-L81-V83-A92-V94-G108-V110-L117-L120-W122-Q141-Y159-V160-F163-I164-V167
Lithocholic Acid,C[C@H](CCC(=O)O)[C@H]1CC[C@@H]2[C@@]1(CC[C@H]3[C@H]2CC[C@H]4[C@@]3(CC[C@H](C4)O)C)C,seq43,L59-L81-V83-A92-V94-G108-V110-L117-L120-W122-K141-I159-V160-G163-V164-L167
Lithocholic Acid,C[C@H](CCC(=O)O)[C@H]1CC[C@@H]2[C@@]1(CC[C@H]3[C@H]2CC[C@H]4[C@@]3(CC[C@H](C4)O)C)C,seq44,A59-L81-L83-M92-V94-V108-I110-L117-Y120-S122-K141-I159-V160-G163-V164-L167
Lithocholic Acid,C[C@H](CCC(=O)O)[C@H]1CC[C@@H]2[C@@]1(CC[C@H]3[C@H]2CC[C@H]4[C@@]3(CC[C@H](C4)O)C)C,seq45,V59-D81-L83-M92-V94-A108-V110-L117-L120-W122-R141-H159-V160-L163-F164-G167
Lithocholic Acid,C[C@H](CCC(=O)O)[C@H]1CC[C@@H]2[C@@]1(CC[C@H]3[C@H]2CC[C@H]4[C@@]3(CC[C@H](C4)O)C)C,seq46,V59-L81-A83-A92-E94-H108-V110-L117-Y120-S122-K141-I159-L160-G163-V164-I167
Lithocholic Acid,C[C@H](CCC(=O)O)[C@H]1CC[C@@H]2[C@@]1(CC[C@H]3[C@H]2CC[C@H]4[C@@]3(CC[C@H](C4)O)C)C,seq47,V59-D81-L83-M92-V94-V108-I110-L117-Y120-S122-K141-I159-L160-G163-V164-I167
Lithocholic Acid,C[C@H](CCC(=O)O)[C@H]1CC[C@@H]2[C@@]1(CC[C@H]3[C@H]2CC[C@H]4[C@@]3(CC[C@H](C4)O)C)C,seq48,V59-L81-F83-A92-V94-F108-I110-V117-Y120-Q122-Q141-H159-V160-L163-I164-A167
Lithocholic Acid,C[C@H](CCC(=O)O)[C@H]1CC[C@@H]2[C@@]1(CC[C@H]3[C@H]2CC[C@H]4[C@@]3(CC[C@H](C4)O)C)C,seq49,V59-D81-L83-M92-V94-A108-V110-V117-L120-T122-K141-I159-L160-G163-V164-L167
Lithocholic Acid,C[C@H](CCC(=O)O)[C@H]1CC[C@@H]2[C@@]1(CC[C@H]3[C@H]2CC[C@H]4[C@@]3(CC[C@H](C4)O)C)C,seq5,V59-D81-L83-M92-V94-A108-V110-T117-L120-T122-K141-I159-L160-G163-V164-I167
Lithocholic Acid,C[C@H](CCC(=O)O)[C@H]1CC[C@@H]2[C@@]1(CC[C@H]3[C@H]2CC[C@H]4[C@@]3(CC[C@H](C4)O)C)C,seq50,A59-D81-L83-M92-V94-V108-I110-L117-Y120-S122-S141-H159-V160-L163-T164-A167
Lithocholic Acid,C[C@H](CCC(=O)O)[C@H]1CC[C@@H]2[C@@]1(CC[C@H]3[C@H]2CC[C@H]4[C@@]3(CC[C@H](C4)O)C)C,seq51,A59-D81-L83-M92-V94-V108-I110-L117-Y120-S122-K141-H159-V160-L163-F164-G167
Lithocholic Acid,C[C@H](CCC(=O)O)[C@H]1CC[C@@H]2[C@@]1(CC[C@H]3[C@H]2CC[C@H]4[C@@]3(CC[C@H](C4)O)C)C,seq6,V59-L81-F83-A92-V94-D108-V110-L117-F120-S122-Q141-F159-V160-F163-V164-Q167
Lithocholic Acid,C[C@H](CCC(=O)O)[C@H]1CC[C@@H]2[C@@]1(CC[C@H]3[C@H]2CC[C@H]4[C@@]3(CC[C@H](C4)O)C)C,seq7,A59-D81-L83-M92-V94-H108-I110-L117-Y120-S122-K141-I159-L160-G163-V164-I167
Lithocholic Acid,C[C@H](CCC(=O)O)[C@H]1CC[C@@H]2[C@@]1(CC[C@H]3[C@H]2CC[C@H]4[C@@]3(CC[C@H](C4)O)C)C,seq8,L59-L81-V83-A92-V94-G108-V110-L117-L120-W122-Q141-Y159-V160-F163-V164-A167
Lithocholic Acid,C[C@H](CCC(=O)O)[C@H]1CC[C@@H]2[C@@]1(CC[C@H]3[C@H]2CC[C@H]4[C@@]3(CC[C@H](C4)O)C)C,seq9,A59-D81-L83-M92-L94-A108-V110-V117-L120-T122-K141-I159-V160-G163-V164-L167
Lithocholic Acid 3 -S,C[C@H](CCC(=O)O)[C@H]1CC[C@@H]2[C@@]1(CC[C@H]3[C@H]2CCC4[C@@]3(CC[C@H](C4)OS(=O)(=O)O)C)C,LCA_conj1,V59-D81-L83-M92-V94-A108-V110-V117-L120-T122-K141-I159-L160-G163-V164-I167
Lithocholic Acid 3 -S,C[C@H](CCC(=O)O)[C@H]1CC[C@@H]2[C@@]1(CC[C@H]3[C@H]2CCC4[C@@]3(CC[C@H](C4)OS(=O)(=O)O)C)C,LCA_conj2,V59-D81-L83-M92-L94-A108-V110-V117-L120-T122-K141-I159-M160-G163-I164-I167
Lithocholic Acid 3 -S,C[C@H](CCC(=O)O)[C@H]1CC[C@@H]2[C@@]1(CC[C@H]3[C@H]2CCC4[C@@]3(CC[C@H](C4)OS(=O)(=O)O)C)C,LCA_conj3,V59-D81-L83-M92-L94-A108-V110-V117-L120-T122-K141-I159-L160-G163-V164-I167
Lithocholic Acid 3 -S,C[C@H](CCC(=O)O)[C@H]1CC[C@@H]2[C@@]1(CC[C@H]3[C@H]2CCC4[C@@]3(CC[C@H](C4)OS(=O)(=O)O)C)C,LCA_conj4,V59-D81-L83-M92-V94-A108-V110-V117-L120-T122-K141-I159-M160-G163-I164-I167
Lithocholic Acid 3 -S,C[C@H](CCC(=O)O)[C@H]1CC[C@@H]2[C@@]1(CC[C@H]3[C@H]2CCC4[C@@]3(CC[C@H](C4)OS(=O)(=O)O)C)C,LCA_conj5,V59-D81-L83-M92-L94-A108-V110-V117-L120-T122-K141-I159-M160-G163-V164-I167
Lithocholic Acid 3 -S,C[C@H](CCC(=O)O)[C@H]1CC[C@@H]2[C@@]1(CC[C@H]3[C@H]2CCC4[C@@]3(CC[C@H](C4)OS(=O)(=O)O)C)C,LCA_conj6,V59-D81-L83-M92-V94-A108-V110-T117-L120-T122-K141-I159-L160-G163-V164-I167
Lithocholic Acid 3 -S,C[C@H](CCC(=O)O)[C@H]1CC[C@@H]2[C@@]1(CC[C@H]3[C@H]2CCC4[C@@]3(CC[C@H](C4)OS(=O)(=O)O)C)C,LCA_conj7,V59-D81-L83-M92-V94-A108-V110-V117-L120-T122-K141-I159-L160-G163-I164-I167
Lithocholic Acid 3 -S,C[C@H](CCC(=O)O)[C@H]1CC[C@@H]2[C@@]1(CC[C@H]3[C@H]2CCC4[C@@]3(CC[C@H](C4)OS(=O)(=O)O)C)C,LCA_conj8,V59-D81-L83-M92-V94-A108-V110-V117-L120-T122-K141-I159-M160-G163-V164-I167
Lithocholic Acid 3 -S,C[C@H](CCC(=O)O)[C@H]1CC[C@@H]2[C@@]1(CC[C@H]3[C@H]2CCC4[C@@]3(CC[C@H](C4)OS(=O)(=O)O)C)C,LCA_conj9,R59-D81-L83-M92-V94-A108-V110-V117-L120-T122-K141-I159-L160-G163-V164-I167
Lithocholic Acid 3 -S,C[C@H](CCC(=O)O)[C@H]1CC[C@@H]2[C@@]1(CC[C@H]3[C@H]2CCC4[C@@]3(CC[C@H](C4)OS(=O)(=O)O)C)C,LCA_conj10,V59-D81-L83-M92-L94-A108-V110-V117-L120-T122-K141-H159-V160-L163-I164-A167
Lithocholic Acid 3 -S,C[C@H](CCC(=O)O)[C@H]1CC[C@@H]2[C@@]1(CC[C@H]3[C@H]2CCC4[C@@]3(CC[C@H](C4)OS(=O)(=O)O)C)C,LCA_conj11,R59-L81-A83-A92-E94-A108-V110-V117-L120-T122-K141-I159-L160-G163-V164-I167
Lithocholic Acid 3 -S,C[C@H](CCC(=O)O)[C@H]1CC[C@@H]2[C@@]1(CC[C@H]3[C@H]2CCC4[C@@]3(CC[C@H](C4)OS(=O)(=O)O)C)C,LCA_conj12,R59-L81-A83-A92-E94-A108-V110-L117-L120-W122-R141-I159-L160-G163-V164-I167
Lithocholic Acid 3 -S,C[C@H](CCC(=O)O)[C@H]1CC[C@@H]2[C@@]1(CC[C@H]3[C@H]2CCC4[C@@]3(CC[C@H](C4)OS(=O)(=O)O)C)C,LCA_conj13,V59-D81-L83-M92-L94-A108-V110-V117-L120-T122-R141-I159-L160-G163-V164-I167
Lithocholic Acid 3 -S,C[C@H](CCC(=O)O)[C@H]1CC[C@@H]2[C@@]1(CC[C@H]3[C@H]2CCC4[C@@]3(CC[C@H](C4)OS(=O)(=O)O)C)C,LCA_conj14,R59-D81-L83-M92-L94-A108-V110-V117-L120-T122-K141-I159-M160-G163-I164-I167
Lithocholic Acid 3 -S,C[C@H](CCC(=O)O)[C@H]1CC[C@@H]2[C@@]1(CC[C@H]3[C@H]2CCC4[C@@]3(CC[C@H](C4)OS(=O)(=O)O)C)C,LCA_conj15,V59-D81-L83-M92-V94-A108-V110-V117-L120-T122-R141-I159-L160-G163-V164-I167
Lithocholic Acid 3 -S,C[C@H](CCC(=O)O)[C@H]1CC[C@@H]2[C@@]1(CC[C@H]3[C@H]2CCC4[C@@]3(CC[C@H](C4)OS(=O)(=O)O)C)C,LCA_conj16,V59-D81-L83-M92-L94-A108-V110-V117-L120-T122-K141-I159-L160-G163-I164-I167
GlycoLithocholic Acid,C[C@H](CCC(=O)NCC(=O)O)[C@H]1CC[C@@H]2[C@@]1(CC[C@H]3[C@H]2CC[C@H]4[C@@]3(CC[C@H](C4)O)C)C,LCA_conj1,V59-D81-L83-M92-V94-A108-V110-V117-L120-T122-K141-I159-L160-G163-V164-I167
GlycoLithocholic Acid,C[C@H](CCC(=O)NCC(=O)O)[C@H]1CC[C@@H]2[C@@]1(CC[C@H]3[C@H]2CC[C@H]4[C@@]3(CC[C@H](C4)O)C)C,LCA_conj2,V59-D81-L83-M92-L94-A108-V110-V117-L120-T122-K141-I159-M160-G163-I164-I167
GlycoLithocholic Acid,C[C@H](CCC(=O)NCC(=O)O)[C@H]1CC[C@@H]2[C@@]1(CC[C@H]3[C@H]2CC[C@H]4[C@@]3(CC[C@H](C4)O)C)C,LCA_conj3,V59-D81-L83-M92-L94-A108-V110-V117-L120-T122-K141-I159-L160-G163-V164-I167
GlycoLithocholic Acid,C[C@H](CCC(=O)NCC(=O)O)[C@H]1CC[C@@H]2[C@@]1(CC[C@H]3[C@H]2CC[C@H]4[C@@]3(CC[C@H](C4)O)C)C,LCA_conj4,V59-D81-L83-M92-V94-A108-V110-V117-L120-T122-K141-I159-M160-G163-I164-I167
GlycoLithocholic Acid,C[C@H](CCC(=O)NCC(=O)O)[C@H]1CC[C@@H]2[C@@]1(CC[C@H]3[C@H]2CC[C@H]4[C@@]3(CC[C@H](C4)O)C)C,LCA_conj5,V59-D81-L83-M92-L94-A108-V110-V117-L120-T122-K141-I159-M160-G163-V164-I167
GlycoLithocholic Acid,C[C@H](CCC(=O)NCC(=O)O)[C@H]1CC[C@@H]2[C@@]1(CC[C@H]3[C@H]2CC[C@H]4[C@@]3(CC[C@H](C4)O)C)C,LCA_conj6,V59-D81-L83-M92-V94-A108-V110-T117-L120-T122-K141-I159-L160-G163-V164-I167
GlycoLithocholic Acid,C[C@H](CCC(=O)NCC(=O)O)[C@H]1CC[C@@H]2[C@@]1(CC[C@H]3[C@H]2CC[C@H]4[C@@]3(CC[C@H](C4)O)C)C,LCA_conj7,V59-D81-L83-M92-V94-A108-V110-V117-L120-T122-K141-I159-L160-G163-I164-I167
GlycoLithocholic Acid,C[C@H](CCC(=O)NCC(=O)O)[C@H]1CC[C@@H]2[C@@]1(CC[C@H]3[C@H]2CC[C@H]4[C@@]3(CC[C@H](C4)O)C)C,LCA_conj8,V59-D81-L83-M92-V94-A108-V110-V117-L120-T122-K141-I159-M160-G163-V164-I167
GlycoLithocholic Acid,C[C@H](CCC(=O)NCC(=O)O)[C@H]1CC[C@@H]2[C@@]1(CC[C@H]3[C@H]2CC[C@H]4[C@@]3(CC[C@H](C4)O)C)C,LCA_conj9,R59-D81-L83-M92-V94-A108-V110-V117-L120-T122-K141-I159-L160-G163-V164-I167
GlycoLithocholic Acid,C[C@H](CCC(=O)NCC(=O)O)[C@H]1CC[C@@H]2[C@@]1(CC[C@H]3[C@H]2CC[C@H]4[C@@]3(CC[C@H](C4)O)C)C,LCA_conj10,V59-D81-L83-M92-L94-A108-V110-V117-L120-T122-K141-H159-V160-L163-I164-A167
GlycoLithocholic Acid,C[C@H](CCC(=O)NCC(=O)O)[C@H]1CC[C@@H]2[C@@]1(CC[C@H]3[C@H]2CC[C@H]4[C@@]3(CC[C@H](C4)O)C)C,LCA_conj11,R59-L81-A83-A92-E94-A108-V110-V117-L120-T122-K141-I159-L160-G163-V164-I167
GlycoLithocholic Acid,C[C@H](CCC(=O)NCC(=O)O)[C@H]1CC[C@@H]2[C@@]1(CC[C@H]3[C@H]2CC[C@H]4[C@@]3(CC[C@H](C4)O)C)C,LCA_conj12,R59-L81-A83-A92-E94-A108-V110-L117-L120-W122-R141-I159-L160-G163-V164-I167
GlycoLithocholic Acid,C[C@H](CCC(=O)NCC(=O)O)[C@H]1CC[C@@H]2[C@@]1(CC[C@H]3[C@H]2CC[C@H]4[C@@]3(CC[C@H](C4)O)C)C,LCA_conj13,V59-D81-L83-M92-L94-A108-V110-V117-L120-T122-R141-I159-L160-G163-V164-I167
GlycoLithocholic Acid,C[C@H](CCC(=O)NCC(=O)O)[C@H]1CC[C@@H]2[C@@]1(CC[C@H]3[C@H]2CC[C@H]4[C@@]3(CC[C@H](C4)O)C)C,LCA_conj14,R59-D81-L83-M92-L94-A108-V110-V117-L120-T122-K141-I159-M160-G163-I164-I167
GlycoLithocholic Acid,C[C@H](CCC(=O)NCC(=O)O)[C@H]1CC[C@@H]2[C@@]1(CC[C@H]3[C@H]2CC[C@H]4[C@@]3(CC[C@H](C4)O)C)C,LCA_conj15,V59-D81-L83-M92-V94-A108-V110-V117-L120-T122-R141-I159-L160-G163-V164-I167
GlycoLithocholic Acid,C[C@H](CCC(=O)NCC(=O)O)[C@H]1CC[C@@H]2[C@@]1(CC[C@H]3[C@H]2CC[C@H]4[C@@]3(CC[C@H](C4)O)C)C,LCA_conj16,V59-D81-L83-M92-L94-A108-V110-V117-L120-T122-K141-I159-L160-G163-I164-I167
GlycoLithocholic Acid,C[C@H](CCC(=O)NCC(=O)O)[C@H]1CC[C@@H]2[C@@]1(CC[C@H]3[C@H]2CC[C@H]4[C@@]3(CC[C@H](C4)O)C)C,GLCA_1,V59-D81-L83-M92-V94-A108-V110-T117-L120-T122-K141-I159-M160-G163-I164-I167
GlycoLithocholic Acid,C[C@H](CCC(=O)NCC(=O)O)[C@H]1CC[C@@H]2[C@@]1(CC[C@H]3[C@H]2CC[C@H]4[C@@]3(CC[C@H](C4)O)C)C,GLCA_2,V59-L81-A83-A92-V94-G108-I110-L117-F120-W122-Q141-I159-M160-G163-I164-I167
Lithocholic Acid 3 -S,C[C@H](CCC(=O)O)[C@H]1CC[C@@H]2[C@@]1(CC[C@H]3[C@H]2CCC4[C@@]3(CC[C@H](C4)OS(=O)(=O)O)C)C,LCA_3_S_1,A59-D81-L83-M92-V94-A108-V110-V117-L120-T122-K141-I159-L160-G163-V164-I167
Lithocholic Acid 3 -S,C[C@H](CCC(=O)O)[C@H]1CC[C@@H]2[C@@]1(CC[C@H]3[C@H]2CCC4[C@@]3(CC[C@H](C4)OS(=O)(=O)O)C)C,LCA_3_S_2,V59-L81-A83-A92-V94-A108-V110-V117-L120-W122-R141-H159-M160-I163-F164-A167
Lithocholic Acid 3 -S,C[C@H](CCC(=O)O)[C@H]1CC[C@@H]2[C@@]1(CC[C@H]3[C@H]2CCC4[C@@]3(CC[C@H](C4)OS(=O)(=O)O)C)C,LCA_3_S_3,A59-D81-L83-M92-V94-A108-V110-V117-L120-T122-K141-I159-M160-G163-I164-I167
Lithocholic Acid 3 -S,C[C@H](CCC(=O)O)[C@H]1CC[C@@H]2[C@@]1(CC[C@H]3[C@H]2CCC4[C@@]3(CC[C@H](C4)OS(=O)(=O)O)C)C,LCA_3_S_4,V59-L81-A83-A92-V94-A108-V110-V117-L120-W122-K141-I159-L160-G163-V164-I167
Lithocholic Acid 3 -S,C[C@H](CCC(=O)O)[C@H]1CC[C@@H]2[C@@]1(CC[C@H]3[C@H]2CCC4[C@@]3(CC[C@H](C4)OS(=O)(=O)O)C)C,LCA_3_S_5,V59-L81-A83-A92-V94-A108-V110-V117-L120-T122-K141-I159-L160-G163-V164-I167
Lithocholic Acid 3 -S,C[C@H](CCC(=O)O)[C@H]1CC[C@@H]2[C@@]1(CC[C@H]3[C@H]2CCC4[C@@]3(CC[C@H](C4)OS(=O)(=O)O)C)C,LCA_3_S_6,A59-D81-L83-M92-L94-A108-V110-V117-L120-T122-K141-I159-M160-G163-I164-I167
Lithocholic Acid 3 -S,C[C@H](CCC(=O)O)[C@H]1CC[C@@H]2[C@@]1(CC[C@H]3[C@H]2CCC4[C@@]3(CC[C@H](C4)OS(=O)(=O)O)C)C,LCA_3_S_7,A59-D81-L83-M92-L94-A108-V110-V117-L120-T122-K141-I159-L160-G163-V164-I167
Lithocholic Acid 3 -S,C[C@H](CCC(=O)O)[C@H]1CC[C@@H]2[C@@]1(CC[C@H]3[C@H]2CCC4[C@@]3(CC[C@H](C4)OS(=O)(=O)O)C)C,LCA_3_S_8,V59-L81-A83-A92-V94-A108-V110-V117-L120-W122-R141-I159-L160-G163-V164-I167
Lithocholic Acid 3 -S,C[C@H](CCC(=O)O)[C@H]1CC[C@@H]2[C@@]1(CC[C@H]3[C@H]2CCC4[C@@]3(CC[C@H](C4)OS(=O)(=O)O)C)C,LCA_3_S_9,A59-D81-L83-M92-V94-A108-V110-V117-L120-T122-R141-H159-M160-I163-F164-A167
Lithocholic Acid 3 -S,C[C@H](CCC(=O)O)[C@H]1CC[C@@H]2[C@@]1(CC[C@H]3[C@H]2CCC4[C@@]3(CC[C@H](C4)OS(=O)(=O)O)C)C,LCA_3_S_10,V59-L81-A83-A92-V94-A108-V110-V117-L120-W122-K141-I159-M160-G163-I164-I167
Lithocholic Acid 3 -S,C[C@H](CCC(=O)O)[C@H]1CC[C@@H]2[C@@]1(CC[C@H]3[C@H]2CCC4[C@@]3(CC[C@H](C4)OS(=O)(=O)O)C)C,LCA_3_S_11,A59-D81-L83-M92-V94-A108-V110-V117-L120-W122-R141-H159-M160-I163-F164-A167
Lithocholic Acid 3 -S,C[C@H](CCC(=O)O)[C@H]1CC[C@@H]2[C@@]1(CC[C@H]3[C@H]2CCC4[C@@]3(CC[C@H](C4)OS(=O)(=O)O)C)C,LCA_3_S_12,A59-D81-L83-M92-V94-A108-V110-V117-L120-T122-K141-H159-M160-I163-F164-A167
Lithocholic Acid 3 -S,C[C@H](CCC(=O)O)[C@H]1CC[C@@H]2[C@@]1(CC[C@H]3[C@H]2CCC4[C@@]3(CC[C@H](C4)OS(=O)(=O)O)C)C,LCA_3_S_13,V59-D81-L83-M92-L94-A108-V110-V117-L120-T122-R141-H159-M160-I163-F164-A167
Lithocholic Acid 3 -S,C[C@H](CCC(=O)O)[C@H]1CC[C@@H]2[C@@]1(CC[C@H]3[C@H]2CCC4[C@@]3(CC[C@H](C4)OS(=O)(=O)O)C)C,LCA_3_S_14,V59-D81-L83-M92-V94-A108-V110-V117-L120-W122-R141-H159-M160-I163-F164-A167
Lithocholic Acid 3 -S,C[C@H](CCC(=O)O)[C@H]1CC[C@@H]2[C@@]1(CC[C@H]3[C@H]2CCC4[C@@]3(CC[C@H](C4)OS(=O)(=O)O)C)C,LCA_3_S_15,V59-D81-L83-M92-L94-A108-V110-V117-L120-T122-K141-H159-M160-I163-F164-A167
Lithocholic Acid 3 -S,C[C@H](CCC(=O)O)[C@H]1CC[C@@H]2[C@@]1(CC[C@H]3[C@H]2CCC4[C@@]3(CC[C@H](C4)OS(=O)(=O)O)C)C,LCA_3_S_16,V59-L81-A83-A92-V94-A108-V110-V117-L120-T122-K141-I159-M160-G163-I164-I167
Lithocholic Acid 3 -S,C[C@H](CCC(=O)O)[C@H]1CC[C@@H]2[C@@]1(CC[C@H]3[C@H]2CCC4[C@@]3(CC[C@H](C4)OS(=O)(=O)O)C)C,LCA_3_S_17,V59-D81-L83-M92-V94-A108-V110-V117-L120-T122-R141-H159-M160-I163-F164-A167
Lithocholic Acid 3 -S,C[C@H](CCC(=O)O)[C@H]1CC[C@@H]2[C@@]1(CC[C@H]3[C@H]2CCC4[C@@]3(CC[C@H](C4)OS(=O)(=O)O)C)C,LCA_3_S_18,V59-D81-L83-M92-V94-A108-V110-V117-L120-T122-K141-H159-M160-I163-F164-A167
Lithocholic Acid 3 -S,C[C@H](CCC(=O)O)[C@H]1CC[C@@H]2[C@@]1(CC[C@H]3[C@H]2CCC4[C@@]3(CC[C@H](C4)OS(=O)(=O)O)C)C,LCA_3_S_19,A59-L81-A83-A92-V94-A108-V110-V117-L120-W122-R141-H159-M160-I163-F164-A167
Lithocholic Acid 3 -S,C[C@H](CCC(=O)O)[C@H]1CC[C@@H]2[C@@]1(CC[C@H]3[C@H]2CCC4[C@@]3(CC[C@H](C4)OS(=O)(=O)O)C)C,LCA_3_S_20,V59-L81-A83-A92-V94-A108-V110-V117-L120-W122-R141-I159-M160-G163-I164-I167
Lithocholic Acid 3 -S,C[C@H](CCC(=O)O)[C@H]1CC[C@@H]2[C@@]1(CC[C@H]3[C@H]2CCC4[C@@]3(CC[C@H](C4)OS(=O)(=O)O)C)C,LCA_3_S_21,V59-D81-L83-M92-L94-A108-V110-V117-L120-W122-R141-H159-M160-I163-F164-A167
Lithocholic Acid 3 -S,C[C@H](CCC(=O)O)[C@H]1CC[C@@H]2[C@@]1(CC[C@H]3[C@H]2CCC4[C@@]3(CC[C@H](C4)OS(=O)(=O)O)C)C,LCA_3_S_22,V59-L81-A83-M92-V94-A108-V110-V117-L120-T122-K141-I159-L160-G163-V164-I167
Lithocholic Acid 3 -S,C[C@H](CCC(=O)O)[C@H]1CC[C@@H]2[C@@]1(CC[C@H]3[C@H]2CCC4[C@@]3(CC[C@H](C4)OS(=O)(=O)O)C)C,LCA_3_S_23,V59-D81-L83-A92-V94-A108-V110-V117-L120-W122-R141-H159-M160-I163-F164-A167
Lithocholic Acid 3 -S,C[C@H](CCC(=O)O)[C@H]1CC[C@@H]2[C@@]1(CC[C@H]3[C@H]2CCC4[C@@]3(CC[C@H](C4)OS(=O)(=O)O)C)C,LCA_3_S_24,A59-D81-L83-M92-V94-A108-V110-V117-L120-T122-K141-I159-M160-G163-V164-I167
Lithocholic Acid 3 -S,C[C@H](CCC(=O)O)[C@H]1CC[C@@H]2[C@@]1(CC[C@H]3[C@H]2CCC4[C@@]3(CC[C@H](C4)OS(=O)(=O)O)C)C,LCA_3_S_25,A59-D81-L83-M92-V94-A108-V110-V117-L120-T122-K141-I159-L160-G163-I164-I167
Lithocholic Acid 3 -S,C[C@H](CCC(=O)O)[C@H]1CC[C@@H]2[C@@]1(CC[C@H]3[C@H]2CCC4[C@@]3(CC[C@H](C4)OS(=O)(=O)O)C)C,LCA_3_S_26,A59-D81-L83-M92-V94-A108-V110-V117-L120-W122-K141-I159-L160-G163-V164-I167
Lithocholic Acid 3 -S,C[C@H](CCC(=O)O)[C@H]1CC[C@@H]2[C@@]1(CC[C@H]3[C@H]2CCC4[C@@]3(CC[C@H](C4)OS(=O)(=O)O)C)C,LCA_3_S_27,V59-L81-A83-A92-V94-A108-V110-V117-L120-T122-R141-H159-M160-I163-F164-A167
Lithocholic Acid 3 -S,C[C@H](CCC(=O)O)[C@H]1CC[C@@H]2[C@@]1(CC[C@H]3[C@H]2CCC4[C@@]3(CC[C@H](C4)OS(=O)(=O)O)C)C,LCA_3_S_28,A59-D81-L83-A92-V94-A108-V110-V117-L120-W122-R141-H159-M160-I163-F164-A167
Lithocholic Acid 3 -S,C[C@H](CCC(=O)O)[C@H]1CC[C@@H]2[C@@]1(CC[C@H]3[C@H]2CCC4[C@@]3(CC[C@H](C4)OS(=O)(=O)O)C)C,LCA_3_S_29,V59-L81-A83-A92-V94-A108-V110-V117-L120-W122-R141-H159-M160-G163-I164-I167
Lithocholic Acid 3 -S,C[C@H](CCC(=O)O)[C@H]1CC[C@@H]2[C@@]1(CC[C@H]3[C@H]2CCC4[C@@]3(CC[C@H](C4)OS(=O)(=O)O)C)C,LCA_3_S_30,V59-L81-A83-A92-V94-A108-V110-V117-L120-W122-R141-H159-M160-G163-V164-I167
Lithocholic Acid 3 -S,C[C@H](CCC(=O)O)[C@H]1CC[C@@H]2[C@@]1(CC[C@H]3[C@H]2CCC4[C@@]3(CC[C@H](C4)OS(=O)(=O)O)C)C,LCA_3_S_31,V59-L81-A83-A92-V94-A108-V110-V117-L120-T122-K141-H159-M160-I163-F164-A167
Lithocholic Acid 3 -S,C[C@H](CCC(=O)O)[C@H]1CC[C@@H]2[C@@]1(CC[C@H]3[C@H]2CCC4[C@@]3(CC[C@H](C4)OS(=O)(=O)O)C)C,LCA_3_S_32,V59-L81-A83-A92-V94-A108-V110-V117-L120-W122-K141-H159-M160-I163-F164-A167
Lithocholic Acid 3 -S,C[C@H](CCC(=O)O)[C@H]1CC[C@@H]2[C@@]1(CC[C@H]3[C@H]2CCC4[C@@]3(CC[C@H](C4)OS(=O)(=O)O)C)C,LCA_3_S_33,A59-D81-L83-M92-L94-A108-V110-V117-L120-T122-R141-H159-M160-I163-F164-A167
Lithocholic Acid 3 -S,C[C@H](CCC(=O)O)[C@H]1CC[C@@H]2[C@@]1(CC[C@H]3[C@H]2CCC4[C@@]3(CC[C@H](C4)OS(=O)(=O)O)C)C,LCA_3_S_34,A59-D81-L83-M92-V94-A108-V110-V117-L120-T122-R141-H159-V160-L163-F164-G167
Lithocholic Acid 3 -S,C[C@H](CCC(=O)O)[C@H]1CC[C@@H]2[C@@]1(CC[C@H]3[C@H]2CCC4[C@@]3(CC[C@H](C4)OS(=O)(=O)O)C)C,LCA_3_S_35,A59-D81-L83-M92-V94-A108-V110-V117-L120-T122-K141-H159-V160-L163-F164-G167
Lithocholic Acid 3 -S,C[C@H](CCC(=O)O)[C@H]1CC[C@@H]2[C@@]1(CC[C@H]3[C@H]2CCC4[C@@]3(CC[C@H](C4)OS(=O)(=O)O)C)C,LCA_3_S_36,A59-D81-L83-M92-L94-A108-V110-V117-L120-T122-K141-I159-V160-G163-I164-M167
Lithocholic Acid 3 -S,C[C@H](CCC(=O)O)[C@H]1CC[C@@H]2[C@@]1(CC[C@H]3[C@H]2CCC4[C@@]3(CC[C@H](C4)OS(=O)(=O)O)C)C,LCA_3_S_37,V59-D81-L83-M92-V94-A108-V110-V117-L120-W122-K141-I159-L160-G163-V164-I167
Lithocholic Acid 3 -S,C[C@H](CCC(=O)O)[C@H]1CC[C@@H]2[C@@]1(CC[C@H]3[C@H]2CCC4[C@@]3(CC[C@H](C4)OS(=O)(=O)O)C)C,LCA_3_S_38,A59-D81-L83-M92-V94-A108-V110-V117-L120-W122-R141-I159-L160-G163-V164-I167
Lithocholic Acid 3 -S,C[C@H](CCC(=O)O)[C@H]1CC[C@@H]2[C@@]1(CC[C@H]3[C@H]2CCC4[C@@]3(CC[C@H](C4)OS(=O)(=O)O)C)C,LCA_3_S_39,V59-D81-L83-M92-V94-A108-V110-V117-L120-W122-R141-I159-L160-G163-V164-I167
Lithocholic Acid 3 -S,C[C@H](CCC(=O)O)[C@H]1CC[C@@H]2[C@@]1(CC[C@H]3[C@H]2CCC4[C@@]3(CC[C@H](C4)OS(=O)(=O)O)C)C,LCA_3_S_40,A59-D81-L83-M92-V94-A108-V110-V117-L120-T122-R141-I159-L160-G163-V164-I167
Lithocholic Acid 3 -S,C[C@H](CCC(=O)O)[C@H]1CC[C@@H]2[C@@]1(CC[C@H]3[C@H]2CCC4[C@@]3(CC[C@H](C4)OS(=O)(=O)O)C)C,LCA_3_S_41,A59-L81-A83-A92-V94-A108-V110-V117-L120-W122-K141-I159-L160-G163-V164-I167
Lithocholic Acid 3 -S,C[C@H](CCC(=O)O)[C@H]1CC[C@@H]2[C@@]1(CC[C@H]3[C@H]2CCC4[C@@]3(CC[C@H](C4)OS(=O)(=O)O)C)C,LCA_3_S_42,V59-D81-L83-M92-V94-A108-V110-V117-L120-T122-K141-I159-V160-G163-I164-M167
Lithocholic Acid 3 -S,C[C@H](CCC(=O)O)[C@H]1CC[C@@H]2[C@@]1(CC[C@H]3[C@H]2CCC4[C@@]3(CC[C@H](C4)OS(=O)(=O)O)C)C,LCA_3_S_43,A59-L81-A83-A92-V94-A108-V110-V117-L120-T122-K141-I159-L160-G163-V164-I167
"WIN 55,212-2",CC1=C(C2=C3N1[C@@H](COC3=CC=C2)CN4CCOCC4)C(=O)C5=CC=CC6=CC=CC=C65,PYR1^WIN_wt,59Q;159A;160I
"WIN 55,212-2",CC1=C(C2=C3N1[C@@H](COC3=CC=C2)CN4CCOCC4)C(=O)C5=CC=CC6=CC=CC=C66,PYR1^WIN_1,59Q;159A;160I;E141M
"WIN 55,212-2",CC1=C(C2=C3N1[C@@H](COC3=CC=C2)CN4CCOCC4)C(=O)C5=CC=CC6=CC=CC=C67,PYR1^WIN_2,59Q;159A;160I;E141L
"WIN 55,212-2",CC1=C(C2=C3N1[C@@H](COC3=CC=C2)CN4CCOCC4)C(=O)C5=CC=CC6=CC=CC=C68,PYR1^WIN_3,59Q;159A;160I;Q59M
"WIN 55,212-2",CC1=C(C2=C3N1[C@@H](COC3=CC=C2)CN4CCOCC4)C(=O)C5=CC=CC6=CC=CC=C69,PYR1^WIN_4,59Q;159A;160I;E141N
"WIN 55,212-2",CC1=C(C2=C3N1[C@@H](COC3=CC=C2)CN4CCOCC4)C(=O)C5=CC=CC6=CC=CC=C70,PYR1^WIN_5,59Q;159A;160I;E141A
"WIN 55,212-2",CC1=C(C2=C3N1[C@@H](COC3=CC=C2)CN4CCOCC4)C(=O)C5=CC=CC6=CC=CC=C71,PYR1^WIN_6,59Q;159A;160I;V81I
"WIN 55,212-2",CC1=C(C2=C3N1[C@@H](COC3=CC=C2)CN4CCOCC4)C(=O)C5=CC=CC6=CC=CC=C72,PYR1^WIN_7,59Q;159A;160I;E141V
"WIN 55,212-2",CC1=C(C2=C3N1[C@@H](COC3=CC=C2)CN4CCOCC4)C(=O)C5=CC=CC6=CC=CC=C73,PYR1^WIN_8,59Q;159A;160I;Y120F
"WIN 55,212-2",CC1=C(C2=C3N1[C@@H](COC3=CC=C2)CN4CCOCC4)C(=O)C5=CC=CC6=CC=CC=C74,PYR1^WIN_9,59Q;159A;160I;E141I
"WIN 55,212-2",CC1=C(C2=C3N1[C@@H](COC3=CC=C2)CN4CCOCC4)C(=O)C5=CC=CC6=CC=CC=C75,PYR1^WIN_10,59Q;159A;160I;E141T
"WIN 55,212-2",CC1=C(C2=C3N1[C@@H](COC3=CC=C2)CN4CCOCC4)C(=O)C5=CC=CC6=CC=CC=C76,PYR1^WIN_11,59Q;159A;160I;V83L
"WIN 55,212-2",CC1=C(C2=C3N1[C@@H](COC3=CC=C2)CN4CCOCC4)C(=O)C5=CC=CC6=CC=CC=C77,PYR1^WIN_12,59Q;159A;160I;N167G
"WIN 55,212-2",CC1=C(C2=C3N1[C@@H](COC3=CC=C2)CN4CCOCC4)C(=O)C5=CC=CC6=CC=CC=C78,PYR1^WIN_13,59Q;159A;160I;E141Q
"WIN 55,212-2",CC1=C(C2=C3N1[C@@H](COC3=CC=C2)CN4CCOCC4)C(=O)C5=CC=CC6=CC=CC=C79,PYR1^WIN_14,59Q;159A;160I;V164H
"WIN 55,212-2",CC1=C(C2=C3N1[C@@H](COC3=CC=C2)CN4CCOCC4)C(=O)C5=CC=CC6=CC=CC=C80,PYR1^WIN_15,59Q;159A;160I;V83I
"WIN 55,212-2",CC1=C(C2=C3N1[C@@H](COC3=CC=C2)CN4CCOCC4)C(=O)C5=CC=CC6=CC=CC=C81,PYR1^WIN_16,59Q;159A;160I;Q59K
"WIN 55,212-2",CC1=C(C2=C3N1[C@@H](COC3=CC=C2)CN4CCOCC4)C(=O)C5=CC=CC6=CC=CC=C82,PYR1^WIN_17,59Q;159A;160I;V164L
"WIN 55,212-2",CC1=C(C2=C3N1[C@@H](COC3=CC=C2)CN4CCOCC4)C(=O)C5=CC=CC6=CC=CC=C83,PYR1^WIN_18,59Q;159A;160I;V164K
"WIN 55,212-2",CC1=C(C2=C3N1[C@@H](COC3=CC=C2)CN4CCOCC4)C(=O)C5=CC=CC6=CC=CC=C84,PYR1^WIN_19,59Q;159A;160I;Q59A
"WIN 55,212-2",CC1=C(C2=C3N1[C@@H](COC3=CC=C2)CN4CCOCC4)C(=O)C5=CC=CC6=CC=CC=C85,PYR1^WIN_20,59Q;159A;160I;S122A
"WIN 55,212-2",CC1=C(C2=C3N1[C@@H](COC3=CC=C2)CN4CCOCC4)C(=O)C5=CC=CC6=CC=CC=C86,PYR1^WIN_21,59Q;159A;160I;Q59S
"WIN 55,212-2",CC1=C(C2=C3N1[C@@H](COC3=CC=C2)CN4CCOCC4)C(=O)C5=CC=CC6=CC=CC=C87,PYR1^WIN_22,59Q;159A;160I;V81L
"WIN 55,212-2",CC1=C(C2=C3N1[C@@H](COC3=CC=C2)CN4CCOCC4)C(=O)C5=CC=CC6=CC=CC=C88,PYR1^WIN_23,59Q;159A;160I;I110V
"WIN 55,212-2",CC1=C(C2=C3N1[C@@H](COC3=CC=C2)CN4CCOCC4)C(=O)C5=CC=CC6=CC=CC=C89,PYR1^WIN_24,59Q;159A;160I;E141S
"WIN 55,212-2",CC1=C(C2=C3N1[C@@H](COC3=CC=C2)CN4CCOCC4)C(=O)C5=CC=CC6=CC=CC=C90,PYR1^WIN_25,59Q;159A;160I;E141W
"WIN 55,212-2",CC1=C(C2=C3N1[C@@H](COC3=CC=C2)CN4CCOCC4)C(=O)C5=CC=CC6=CC=CC=C91,PYR1^WIN_26,59Q;159A;160I;WT
"WIN 55,212-2",CC1=C(C2=C3N1[C@@H](COC3=CC=C2)CN4CCOCC4)C(=O)C5=CC=CC6=CC=CC=C92,PYR1^WIN_27,59Q;159A;160I;V164I
"WIN 55,212-2",CC1=C(C2=C3N1[C@@H](COC3=CC=C2)CN4CCOCC4)C(=O)C5=CC=CC6=CC=CC=C93,PYR1^WIN_28,59Q;159A;160I;E141G
"WIN 55,212-2",CC1=C(C2=C3N1[C@@H](COC3=CC=C2)CN4CCOCC4)C(=O)C5=CC=CC6=CC=CC=C94,PYR1^WIN_29,59Q;159A;160I;V163A
"WIN 55,212-2",CC1=C(C2=C3N1[C@@H](COC3=CC=C2)CN4CCOCC4)C(=O)C5=CC=CC6=CC=CC=C95,PYR1^WIN_30,59Q;159A;160I;S122M
"WIN 55,212-2",CC1=C(C2=C3N1[C@@H](COC3=CC=C2)CN4CCOCC4)C(=O)C5=CC=CC6=CC=CC=C96,PYR1^WIN_31,59Q;159A;160I;E141H
"WIN 55,212-2",CC1=C(C2=C3N1[C@@H](COC3=CC=C2)CN4CCOCC4)C(=O)C5=CC=CC6=CC=CC=C97,PYR1^WIN_32,59Q;159A;160I;V83M
"WIN 55,212-2",CC1=C(C2=C3N1[C@@H](COC3=CC=C2)CN4CCOCC4)C(=O)C5=CC=CC6=CC=CC=C98,PYR1^WIN_33,59Q;159A;160I;E94I
"WIN 55,212-2",CC1=C(C2=C3N1[C@@H](COC3=CC=C2)CN4CCOCC4)C(=O)C5=CC=CC6=CC=CC=C99,PYR1^WIN_34,59Q;159A;160I;A159V
"WIN 55,212-2",CC1=C(C2=C3N1[C@@H](COC3=CC=C2)CN4CCOCC4)C(=O)C5=CC=CC6=CC=CC=C100,PYR1^WIN_35,59Q;159A;160I;V81M
"WIN 55,212-2",CC1=C(C2=C3N1[C@@H](COC3=CC=C2)CN4CCOCC4)C(=O)C5=CC=CC6=CC=CC=C101,PYR1^WIN_36,59Q;159A;160I;V163P
"WIN 55,212-2",CC1=C(C2=C3N1[C@@H](COC3=CC=C2)CN4CCOCC4)C(=O)C5=CC=CC6=CC=CC=C102,PYR1^WIN_37,59Q;159A;160I;V164Y
"WIN 55,212-2",CC1=C(C2=C3N1[C@@H](COC3=CC=C2)CN4CCOCC4)C(=O)C5=CC=CC6=CC=CC=C103,PYR1^WIN_38,59Q;159A;160I;E94Q
"WIN 55,212-2",CC1=C(C2=C3N1[C@@H](COC3=CC=C2)CN4CCOCC4)C(=O)C5=CC=CC6=CC=CC=C104,PYR1^WIN_39,59Q;159A;160I;E94P
"WIN 55,212-2",CC1=C(C2=C3N1[C@@H](COC3=CC=C2)CN4CCOCC4)C(=O)C5=CC=CC6=CC=CC=C105,PYR1^WIN_40,59Q;159A;160I;Q59G
"WIN 55,212-2",CC1=C(C2=C3N1[C@@H](COC3=CC=C2)CN4CCOCC4)C(=O)C5=CC=CC6=CC=CC=C106,PYR1^WIN_41,59Q;159A;160I;F108L
"WIN 55,212-2",CC1=C(C2=C3N1[C@@H](COC3=CC=C2)CN4CCOCC4)C(=O)C5=CC=CC6=CC=CC=C107,PYR1^WIN_42,59Q;159A;160I;V164E
"WIN 55,212-2",CC1=C(C2=C3N1[C@@H](COC3=CC=C2)CN4CCOCC4)C(=O)C5=CC=CC6=CC=CC=C108,PYR1^WIN_43,59Q;159A;160I;Q59Y
"WIN 55,212-2",CC1=C(C2=C3N1[C@@H](COC3=CC=C2)CN4CCOCC4)C(=O)C5=CC=CC6=CC=CC=C109,PYR1^WIN_44,59Q;159A;160I;V164M
"WIN 55,212-2",CC1=C(C2=C3N1[C@@H](COC3=CC=C2)CN4CCOCC4)C(=O)C5=CC=CC6=CC=CC=C110,PYR1^WIN_45,59Q;159A;160I;S122Q
"WIN 55,212-2",CC1=C(C2=C3N1[C@@H](COC3=CC=C2)CN4CCOCC4)C(=O)C5=CC=CC6=CC=CC=C111,PYR1^WIN_46,59Q;159A;160I;V163D
"WIN 55,212-2",CC1=C(C2=C3N1[C@@H](COC3=CC=C2)CN4CCOCC4)C(=O)C5=CC=CC6=CC=CC=C112,PYR1^WIN_47,59Q;159A;160I;I160V
"WIN 55,212-2",CC1=C(C2=C3N1[C@@H](COC3=CC=C2)CN4CCOCC4)C(=O)C5=CC=CC6=CC=CC=C113,PYR1^WIN_48,59Q;159A;160I;E141D
"WIN 55,212-2",CC1=C(C2=C3N1[C@@H](COC3=CC=C2)CN4CCOCC4)C(=O)C5=CC=CC6=CC=CC=C114,PYR1^WIN_49,59Q;159A;160I;E94V
"WIN 55,212-2",CC1=C(C2=C3N1[C@@H](COC3=CC=C2)CN4CCOCC4)C(=O)C5=CC=CC6=CC=CC=C115,PYR1^WIN_50,59Q;159A;160I;Q59H
"WIN 55,212-2",CC1=C(C2=C3N1[C@@H](COC3=CC=C2)CN4CCOCC4)C(=O)C5=CC=CC6=CC=CC=C116,PYR1^WIN_51,59Q;159A;160I;E94K
"WIN 55,212-2",CC1=C(C2=C3N1[C@@H](COC3=CC=C2)CN4CCOCC4)C(=O)C5=CC=CC6=CC=CC=C117,PYR1^WIN_52,59Q;159A;160I;E94G
"WIN 55,212-2",CC1=C(C2=C3N1[C@@H](COC3=CC=C2)CN4CCOCC4)C(=O)C5=CC=CC6=CC=CC=C118,PYR1^WIN_53,59Q;159A;160I;S92Q
"WIN 55,212-2",CC1=C(C2=C3N1[C@@H](COC3=CC=C2)CN4CCOCC4)C(=O)C5=CC=CC6=CC=CC=C119,PYR1^WIN_54,59Q;159A;160I;E94Y
"WIN 55,212-2",CC1=C(C2=C3N1[C@@H](COC3=CC=C2)CN4CCOCC4)C(=O)C5=CC=CC6=CC=CC=C120,PYR1^WIN_55,59Q;159A;160I;V81A
"WIN 55,212-2",CC1=C(C2=C3N1[C@@H](COC3=CC=C2)CN4CCOCC4)C(=O)C5=CC=CC6=CC=CC=C121,PYR1^WIN_56,59Q;159A;160I;F108I
"WIN 55,212-2",CC1=C(C2=C3N1[C@@H](COC3=CC=C2)CN4CCOCC4)C(=O)C5=CC=CC6=CC=CC=C122,PYR1^WIN_57,59Q;159A;160I;S92T
"WIN 55,212-2",CC1=C(C2=C3N1[C@@H](COC3=CC=C2)CN4CCOCC4)C(=O)C5=CC=CC6=CC=CC=C123,PYR1^WIN_58,59Q;159A;160I;V164Q
"WIN 55,212-2",CC1=C(C2=C3N1[C@@H](COC3=CC=C2)CN4CCOCC4)C(=O)C5=CC=CC6=CC=CC=C124,PYR1^WIN_59,59Q;159A;160I;S92P
"WIN 55,212-2",CC1=C(C2=C3N1[C@@H](COC3=CC=C2)CN4CCOCC4)C(=O)C5=CC=CC6=CC=CC=C125,PYR1^WIN_60,59Q;159A;160I;E94T
"WIN 55,212-2",CC1=C(C2=C3N1[C@@H](COC3=CC=C2)CN4CCOCC4)C(=O)C5=CC=CC6=CC=CC=C126,PYR1^WIN_61,59Q;159A;160I;F108T
"WIN 55,212-2",CC1=C(C2=C3N1[C@@H](COC3=CC=C2)CN4CCOCC4)C(=O)C5=CC=CC6=CC=CC=C127,PYR1^WIN_62,59Q;159A;160I;V163M
"WIN 55,212-2",CC1=C(C2=C3N1[C@@H](COC3=CC=C2)CN4CCOCC4)C(=O)C5=CC=CC6=CC=CC=C128,PYR1^WIN_63,59Q;159A;160I;V164F
"WIN 55,212-2",CC1=C(C2=C3N1[C@@H](COC3=CC=C2)CN4CCOCC4)C(=O)C5=CC=CC6=CC=CC=C129,PYR1^WIN_64,59Q;159A;160I;V164G
"WIN 55,212-2",CC1=C(C2=C3N1[C@@H](COC3=CC=C2)CN4CCOCC4)C(=O)C5=CC=CC6=CC=CC=C130,PYR1^WIN_65,59Q;159A;160I;V164P
"WIN 55,212-2",CC1=C(C2=C3N1[C@@H](COC3=CC=C2)CN4CCOCC4)C(=O)C5=CC=CC6=CC=CC=C131,PYR1^WIN_66,59Q;159A;160I;V164W
"WIN 55,212-2",CC1=C(C2=C3N1[C@@H](COC3=CC=C2)CN4CCOCC4)C(=O)C5=CC=CC6=CC=CC=C132,PYR1^WIN_67,59Q;159A;160I;S122P
"WIN 55,212-2",CC1=C(C2=C3N1[C@@H](COC3=CC=C2)CN4CCOCC4)C(=O)C5=CC=CC6=CC=CC=C133,PYR1^WIN_68,59Q;159A;160I;S122F
"WIN 55,212-2",CC1=C(C2=C3N1[C@@H](COC3=CC=C2)CN4CCOCC4)C(=O)C5=CC=CC6=CC=CC=C134,PYR1^WIN_69,59Q;159A;160I;E94H
"WIN 55,212-2",CC1=C(C2=C3N1[C@@H](COC3=CC=C2)CN4CCOCC4)C(=O)C5=CC=CC6=CC=CC=C135,PYR1^WIN_70,59Q;159A;160I;V163S
"WIN 55,212-2",CC1=C(C2=C3N1[C@@H](COC3=CC=C2)CN4CCOCC4)C(=O)C5=CC=CC6=CC=CC=C136,PYR1^WIN_71,59Q;159A;160I;S122E
"WIN 55,212-2",CC1=C(C2=C3N1[C@@H](COC3=CC=C2)CN4CCOCC4)C(=O)C5=CC=CC6=CC=CC=C137,PYR1^WIN_72,59Q;159A;160I;S122D
"WIN 55,212-2",CC1=C(C2=C3N1[C@@H](COC3=CC=C2)CN4CCOCC4)C(=O)C5=CC=CC6=CC=CC=C138,PYR1^WIN_73,59Q;159A;160I;V164S
"WIN 55,212-2",CC1=C(C2=C3N1[C@@H](COC3=CC=C2)CN4CCOCC4)C(=O)C5=CC=CC6=CC=CC=C139,PYR1^WIN_74,59Q;159A;160I;S122V
"WIN 55,212-2",CC1=C(C2=C3N1[C@@H](COC3=CC=C2)CN4CCOCC4)C(=O)C5=CC=CC6=CC=CC=C140,PYR1^WIN_75,59Q;159A;160I;Q59I
"WIN 55,212-2",CC1=C(C2=C3N1[C@@H](COC3=CC=C2)CN4CCOCC4)C(=O)C5=CC=CC6=CC=CC=C141,PYR1^WIN_76,59Q;159A;160I;Q59E
"WIN 55,212-2",CC1=C(C2=C3N1[C@@H](COC3=CC=C2)CN4CCOCC4)C(=O)C5=CC=CC6=CC=CC=C142,PYR1^WIN_77,59Q;159A;160I;E94D
"WIN 55,212-2",CC1=C(C2=C3N1[C@@H](COC3=CC=C2)CN4CCOCC4)C(=O)C5=CC=CC6=CC=CC=C143,PYR1^WIN_78,59Q;159A;160I;N167D
"WIN 55,212-2",CC1=C(C2=C3N1[C@@H](COC3=CC=C2)CN4CCOCC4)C(=O)C5=CC=CC6=CC=CC=C144,PYR1^WIN_79,59Q;159A;160I;E94S
"WIN 55,212-2",CC1=C(C2=C3N1[C@@H](COC3=CC=C2)CN4CCOCC4)C(=O)C5=CC=CC6=CC=CC=C145,PYR1^WIN_80,59Q;159A;160I;N167A
"WIN 55,212-2",CC1=C(C2=C3N1[C@@H](COC3=CC=C2)CN4CCOCC4)C(=O)C5=CC=CC6=CC=CC=C146,PYR1^WIN_81,59Q;159A;160I;A159W
"WIN 55,212-2",CC1=C(C2=C3N1[C@@H](COC3=CC=C2)CN4CCOCC4)C(=O)C5=CC=CC6=CC=CC=C147,PYR1^WIN_82,59Q;159A;160I;V83A
"WIN 55,212-2",CC1=C(C2=C3N1[C@@H](COC3=CC=C2)CN4CCOCC4)C(=O)C5=CC=CC6=CC=CC=C148,PYR1^WIN_83,59Q;159A;160I;Y120M
"WIN 55,212-2",CC1=C(C2=C3N1[C@@H](COC3=CC=C2)CN4CCOCC4)C(=O)C5=CC=CC6=CC=CC=C149,PYR1^WIN_84,59Q;159A;160I;F108S
"WIN 55,212-2",CC1=C(C2=C3N1[C@@H](COC3=CC=C2)CN4CCOCC4)C(=O)C5=CC=CC6=CC=CC=C150,PYR1^WIN_85,59Q;159A;160I;I160N
"WIN 55,212-2",CC1=C(C2=C3N1[C@@H](COC3=CC=C2)CN4CCOCC4)C(=O)C5=CC=CC6=CC=CC=C151,PYR1^WIN_86,59Q;159A;160I;Q59V
"WIN 55,212-2",CC1=C(C2=C3N1[C@@H](COC3=CC=C2)CN4CCOCC4)C(=O)C5=CC=CC6=CC=CC=C152,PYR1^WIN_87,59Q;159A;160I;F108N
"WIN 55,212-2",CC1=C(C2=C3N1[C@@H](COC3=CC=C2)CN4CCOCC4)C(=O)C5=CC=CC6=CC=CC=C153,PYR1^WIN_88,59Q;159A;160I;I110T
"WIN 55,212-2",CC1=C(C2=C3N1[C@@H](COC3=CC=C2)CN4CCOCC4)C(=O)C5=CC=CC6=CC=CC=C154,PYR1^WIN_89,59Q;159A;160I;F108E
"WIN 55,212-2",CC1=C(C2=C3N1[C@@H](COC3=CC=C2)CN4CCOCC4)C(=O)C5=CC=CC6=CC=CC=C155,PYR1^WIN_90,59Q;159A;160I;S122Y
"WIN 55,212-2",CC1=C(C2=C3N1[C@@H](COC3=CC=C2)CN4CCOCC4)C(=O)C5=CC=CC6=CC=CC=C156,PYR1^WIN_91,59Q;159A;160I;Q59F
"WIN 55,212-2",CC1=C(C2=C3N1[C@@H](COC3=CC=C2)CN4CCOCC4)C(=O)C5=CC=CC6=CC=CC=C157,PYR1^WIN_92,59Q;159A;160I;V81Q
"WIN 55,212-2",CC1=C(C2=C3N1[C@@H](COC3=CC=C2)CN4CCOCC4)C(=O)C5=CC=CC6=CC=CC=C158,PYR1^WIN_93,59Q;159A;160I;Y120D
"WIN 55,212-2",CC1=C(C2=C3N1[C@@H](COC3=CC=C2)CN4CCOCC4)C(=O)C5=CC=CC6=CC=CC=C159,PYR1^WIN_94,59Q;159A;160I;V164D
"WIN 55,212-2",CC1=C(C2=C3N1[C@@H](COC3=CC=C2)CN4CCOCC4)C(=O)C5=CC=CC6=CC=CC=C160,PYR1^WIN_95,59Q;159A;160I;E94W
"WIN 55,212-2",CC1=C(C2=C3N1[C@@H](COC3=CC=C2)CN4CCOCC4)C(=O)C5=CC=CC6=CC=CC=C161,PYR1^WIN_96,59Q;159A;160I;Q59R
"WIN 55,212-2",CC1=C(C2=C3N1[C@@H](COC3=CC=C2)CN4CCOCC4)C(=O)C5=CC=CC6=CC=CC=C162,PYR1^WIN_97,59Q;159A;160I;V81G
"WIN 55,212-2",CC1=C(C2=C3N1[C@@H](COC3=CC=C2)CN4CCOCC4)C(=O)C5=CC=CC6=CC=CC=C163,PYR1^WIN_98,59Q;159A;160I;S92A
"WIN 55,212-2",CC1=C(C2=C3N1[C@@H](COC3=CC=C2)CN4CCOCC4)C(=O)C5=CC=CC6=CC=CC=C164,PYR1^WIN_99,59Q;159A;160I;V164A
"WIN 55,212-2",CC1=C(C2=C3N1[C@@H](COC3=CC=C2)CN4CCOCC4)C(=O)C5=CC=CC6=CC=CC=C165,PYR1^WIN_100,59Q;159A;160I;N167P
"WIN 55,212-2",CC1=C(C2=C3N1[C@@H](COC3=CC=C2)CN4CCOCC4)C(=O)C5=CC=CC6=CC=CC=C166,PYR1^WIN_101,59Q;159A;160I;N167S
"WIN 55,212-2",CC1=C(C2=C3N1[C@@H](COC3=CC=C2)CN4CCOCC4)C(=O)C5=CC=CC6=CC=CC=C167,PYR1^WIN_102,59Q;159A;160I;I160T
"WIN 55,212-2",CC1=C(C2=C3N1[C@@H](COC3=CC=C2)CN4CCOCC4)C(=O)C5=CC=CC6=CC=CC=C168,PYR1^WIN_103,59Q;159A;160I;Q59N
"WIN 55,212-2",CC1=C(C2=C3N1[C@@H](COC3=CC=C2)CN4CCOCC4)C(=O)C5=CC=CC6=CC=CC=C169,PYR1^WIN_104,59Q;159A;160I;F108M
"WIN 55,212-2",CC1=C(C2=C3N1[C@@H](COC3=CC=C2)CN4CCOCC4)C(=O)C5=CC=CC6=CC=CC=C170,PYR1^WIN_105,59Q;159A;160I;L117D
"WIN 55,212-2",CC1=C(C2=C3N1[C@@H](COC3=CC=C2)CN4CCOCC4)C(=O)C5=CC=CC6=CC=CC=C171,PYR1^WIN_106,59Q;159A;160I;S122T
"WIN 55,212-2",CC1=C(C2=C3N1[C@@H](COC3=CC=C2)CN4CCOCC4)C(=O)C5=CC=CC6=CC=CC=C172,PYR1^WIN_107,59Q;159A;160I;S92L
"WIN 55,212-2",CC1=C(C2=C3N1[C@@H](COC3=CC=C2)CN4CCOCC4)C(=O)C5=CC=CC6=CC=CC=C173,PYR1^WIN_108,59Q;159A;160I;I160L
"WIN 55,212-2",CC1=C(C2=C3N1[C@@H](COC3=CC=C2)CN4CCOCC4)C(=O)C5=CC=CC6=CC=CC=C174,PYR1^WIN_109,59Q;159A;160I;V81N
"WIN 55,212-2",CC1=C(C2=C3N1[C@@H](COC3=CC=C2)CN4CCOCC4)C(=O)C5=CC=CC6=CC=CC=C175,PYR1^WIN_110,59Q;159A;160I;V81T
"WIN 55,212-2",CC1=C(C2=C3N1[C@@H](COC3=CC=C2)CN4CCOCC4)C(=O)C5=CC=CC6=CC=CC=C176,PYR1^WIN_111,59Q;159A;160I;V163Q
"WIN 55,212-2",CC1=C(C2=C3N1[C@@H](COC3=CC=C2)CN4CCOCC4)C(=O)C5=CC=CC6=CC=CC=C177,PYR1^WIN_112,59Q;159A;160I;V164N
